input_type,k_shot,movement,accuracy,precision,recall,f1_score
feat,0,1,0.4204545454545454,0.4642857142857143,0.5531914893617021,0.5048543689320388
feat,1,1,0.5,0.5272727272727272,0.7435897435897436,0.6170212765957447
feat,2,1,0.6071428571428571,0.6046511627906976,0.8387096774193549,0.7027027027027027
feat,3,1,0.7,0.6774193548387096,0.9130434782608696,0.7777777777777778
feat,0,2,0.46788990825688076,0.4418604651162791,0.7916666666666666,0.5671641791044776
