input_type,k_shot,movement,accuracy,precision,recall,f1_score
abs,0,6,0.53,0.5227272727272727,0.69,0.5948275862068966
abs,1,6,0.5055555555555555,0.5042735042735043,0.6555555555555556,0.5700483091787439
feat,0,6,0.57,0.5514705882352942,0.75,0.635593220338983
feat,1,6,0.5444444444444444,0.5338983050847458,0.7,0.6057692307692307
feat,2,6,0.6125,0.5833333333333334,0.7875,0.6702127659574468
feat,3,6,0.6,0.5729166666666666,0.7857142857142857,0.6626506024096386
